id,footprint,tile_id,subtile_id,ra,dec,spectra_fname,trusted_wave_lo,trusted_wave_hi
str,str,str,str,float32,float32,str,int,int
L676685,9812,1,5,149.408493,2.325505,spec1d.mn44.012.lid_736,6000,8000
C1345098,9812,1,5,149.38211,2.4109753,spec1d.mn44.046.serendip,6000,8000
C1344930,9812,1,5,149.3744965,2.4152501,spec1d.mn44.067.1943,6000,8000
C1345095,9812,1,5,149.3820953,2.409508,spec1d.mn44.046.MIPS_35174,6000,8000
 C1344754,9812,1,5,149.3755035,2.423475,spec1d.mn44.043.MIPS_30328,6000,8000
L733387,9812,1,5,149.3909,2.410241,spec1d.mn44.042.MIPS_30293,6000,8000
L732793,9812,1,5,149.392334,2.408603,spec1d.mn44.041.serendip,6000,8000
