id,spectra_fname,footprint,tile_id,subtile_id,ra,dec,row,column,trusted_wave_lo,trusted_wave_hi,quality
str,str,str,str,str,float32,float32,int,int,int,int,str
L676685,spec1d.mn44.012.lid_736,9812,1,5,149.408493,2.325505,118,220,6000,8000,awesome
L732793,spec1d.mn44.041.serendip,9812,1,5,149.392334,2.408603,1899,567,6000,8000,good
C1345095,spec1d.mn44.046.MIPS_35174,9812,1,5,149.3820953,2.409508,1918,786,6000,8000,fair
L733387,spec1d.mn44.042.MIPS_30293,9812,1,5,149.3909,2.410241,1934,598,6000,8000,good
C1345098,spec1d.mn44.046.serendip,9812,1,5,149.38211,2.4109753,1949,786,6000,8000,fair
C1344930,spec1d.mn44.067.1943,9812,1,5,149.3744965,2.4152501,2041,949,6000,8000,awesome
C1344754,spec1d.mn44.043.MIPS_30328,9812,1,5,149.3755035,2.423475,2217,927,6000,8000,bad
